image,text,frontHint,backHint,labels
https://images.unsplash.com/photo-1574158622682-e40e69881006,Cat,Domestic pet,Meows,animal pet domestic
https://images.unsplash.com/photo-1587300003388-59208cc962cb,Dog,Man's best friend,Barks,animal pet domestic
https://images.unsplash.com/photo-1596854407944-bf87f6fdd49e,Elephant,Largest land animal,Has trunk,animal wild mammal
https://images.unsplash.com/photo-1564349683136-77e08dba1ef7,Lion,King of the jungle,Big cat,animal wild predator
https://images.unsplash.com/photo-1535268647677-300dbf3d78d1,Giraffe,Tallest animal,Long neck,animal wild mammal
https://images.unsplash.com/photo-1551782450-a2132b4ba21d,Penguin,Antarctic bird,Cannot fly,animal bird arctic
https://images.unsplash.com/photo-1446511437394-36cdff3ae1b3,Zebra,Striped animal,Black and white,animal wild mammal
https://images.unsplash.com/photo-1558618666-fcd25c85cd64,Butterfly,Flying insect,Colorful wings,animal insect flying
https://images.unsplash.com/photo-1602491453631-e2a5ad90a131,Dolphin,Marine mammal,Intelligent,animal marine mammal
https://images.unsplash.com/photo-1612024782955-49b29a339d00,Owl,Nocturnal bird,Wise symbol,animal bird nocturnal
