word,definition,labels
Eloquent,Fluent or persuasive in speaking or writing,vocabulary advanced
Ephemeral,Lasting for a very short time,vocabulary advanced
Gregarious,Fond of company; sociable,vocabulary personality
Meticulous,Showing great attention to detail,vocabulary personality
Pragmatic,Dealing with things sensibly and realistically,vocabulary
Resilient,Able to withstand or recover quickly from difficulties,vocabulary strength
Ubiquitous,Present or appearing everywhere,vocabulary advanced
Verbose,Using more words than needed,vocabulary writing
Whimsical,Playfully quaint or fanciful,vocabulary creative
Zealous,Having great energy or enthusiasm,vocabulary energy
