front,back,frontHint,labels
What does ğŸ‰ represent?,Party or celebration,Festive,emoji fun
What does ğŸ”¥ mean in slang?,Amazing or popular,Hot,emoji slang
What does ğŸ’¡ symbolize?,Idea or insight,Think,emoji concept
What does ğŸš€ represent?,Launch or rapid growth,Up,emoji success
What does ğŸ‘ mean?,Approval or agreement,Positive,emoji gesture
What does â­ symbolize?,Excellence or favorite,Star,emoji
What does ğŸ¯ represent?,Goal or target achieved,Bullseye,emoji success
What does ğŸŒŸ mean?,Special or outstanding,Sparkle,emoji special
What does ğŸ’ª represent?,Strength or determination,Muscle,emoji strength
What does ğŸ§  symbolize?,Intelligence or thinking,Brain,emoji intelligence
