front,back,frontHint,backHint,label
abode,مسكن,م***,a****,noun
abroad,في الخارج,ف* ا*****,a*****,adverb
accountable,مسؤول,م****,ac*********,adjective
accounting,محاسبة,م*****,ac********,noun
ahead,أمام,أ***,a****,adjective
air conditioner,مكيف هواء,م*** ه***,a** co*********,noun
aircraft carrier,حاملة طائرات,ح**** ط*****,ai****** ca*****,noun
albeit,على الرغم من,ع** ا**** م*,a*****,conjunction
allegedly,يُزعم,يُز**,al*******,adverb
almond,لوز,ل**,a*****,noun
altogether,تماماً,ت****ً,al********,adverb
anxious,قلق,ق**,an*****,adjective
appliances,أجهزة منزلية,أ**** م*****,ap********,noun
appointment,موعد,م***,ap*********,noun
are we there yet ?,هل وصلنا بعد ؟,ه* و**** ب** ؟,a** w* t**** y** ?,question
arrive in time,الوصول في الوقت المحدد,ا***** ف* ا**** ا*****,a***** i* t***,phrasal_verb
assessment,تقييم,ت****,as********,adjective
assessor,مُقيّم,مُ**ّم,as******,noun
asset,أصل,أ**,a****,noun
assumption,افتراض,ا*****,as********,noun
attendee,حاضر,ح***,at******,noun
attorney,محامي,م****,at******,noun
auction,مزاد,م***,au*****,noun
awareness,وعي,و**,aw*******,noun
backlash,ردة فعل,ر** ف**,ba******,noun
bail,كفالة,ك****,b***,noun
bakery,مخبز,م***,b*****,noun
baking soda,صودا الخبز,ص*** ا****,b***** s***,noun
ballot,التصويت,ا******,b*****,noun
ballpark estimate,تقدير تقريبي,ت**** ت*****,ba****** es******,phrase
banished,منفي,م***,ba******,adjective
bankruptcy,إفلاس,إ****,ba********,noun
banter,مزاح,م***,b*****,noun
barefoot,حافي القدمين,ح*** ا******,ba******,noun
barely,بالكاد,ب*****,b*****,adverb
bargain,صفقة,ص***,ba*****,noun
bargaining,تفاوض,ت****,ba********,noun
bargaining chip,ورقة ضغط,و*** ض**,ba******** c***,noun
bassinet,سرير أطفال,س*** أ****,ba******,noun
bathtub,حوض استحمام,ح** ا******,ba*****,noun
beef up,تقوية,ت****,b*** u*,phrasal_verb
beforehand,مسبقاً,م****ً,be********,adverb
belly,بطن,ب**,b****,noun
bill,فاتورة,ف*****,b***,noun
billboard,لوحة إعلانات,ل*** إ******,bi*******,noun
bite,عضة,ع**,b***,noun
bitter,مرّ,م*ّ,b*****,adjective
bitterness,مرارة,م****,bi********,noun
blame shift,إلقاء اللوم على (شخص آخر),إ**** ا**** ع** (ش** آ**),b**** s****,phrase
bleeding,نزيف,ن***,bl******,noun
blender,خلاط,خ***,bl*****,noun
blending,خليط,خ***,bl******,noun
blind spots,المناطق العمياء,ا****** ا******,b**** s****,phrase
bloom,ازدهار,ا*****,b****,noun
blossom,زهرة,ز***,bl*****,noun
blower,مروحة,م****,b*****,noun
bogus,مزيف,م***,b****,noun slang
booking,حجز,ح**,bo*****,noun
boredom,ملل,م**,bo*****,noun
boulder,صخرة,ص***,bo*****,noun
boundary,حد,ح*,bo******,adjective
brackets,خطافات,خ*****,br******,noun
bratwurst,نقانق,ن****,br*******,noun
breadth,عرض,ع**,br*****,noun
breed,عرق,ع**,b****,noun
bride,عروس,ع***,b****,noun
brink,حافة,ح***,b****,noun
broad,واسع,و***,b****,adjective
bruised,كدمة,ك***,br*****,adjective
bulletproof,مضاد للرصاص,م*** ل*****,bu*********,adjective
bump,مطب,م**,b***,noun
bundle sale,البيع المجمع,ا**** ا*****,b***** s***,noun
burden,عبء,ع**,b*****,noun
burgeoning,مزدهر,م****,bu********,adjective
burial,جنازة,ج****,b*****,noun
butcher,جزار,ج***,bu*****,noun
buzzword,كلمة رائجة,ك*** ر****,bu******,noun
by tomorrow,بحلول الغد,ب**** ا***,b* to******,prepositional phrase
capricious,متقلب,م****,ca********,adjective
career fair,معرض التوظيف,م*** ا******,c***** f***,noun
carrier,النقل,ا****,ca*****,noun
carved,منحوت,م****,c*****,adjective
catch-all,شامل لكل شيء,ش*** ل** ش**,c****-a**,noun
caterpillar,يرقة,ي***,ca*********,noun
cave,كهف,ك**,c***,noun
caveat,تحذير,ت****,c*****,noun
ceiling,سقف,س**,ce*****,noun
cellar,قبو,ق**,c*****,noun
chalk,طباشير,ط*****,c****,noun
chasm,هاوية,ه****,c****,noun
cheering,تصفيق,ت****,ch******,noun
cheesy,حنطي,ح***,c*****,adjective
chicken out,التراجع,ا******,ch***** o**,phrasal_verb
chickpeas,حمص,ح**,ch*******,noun
chivalry,شهامة,ش****,ch******,noun
chopstick,عيدان الأكل,ع**** ا****,ch*******,noun
chore,عمل روتيني,ع** ر*****,c****,noun
chump,أحمق,أ***,c****,noun slang
chunk,قطعة,ق***,c****,noun
cinder block,كتلة خرسانية,ك*** خ******,c***** b****,noun
clay,طين,ط**,c***,noun
clay court,ملعب ترابي,م*** ت****,c*** c****,noun phrase
clever,ذكي,ذ**,c*****,adjective
cliff,جرف,ج**,c****,noun
clockwise,باتجاه عقارب الساعة,ب***** ع**** ا*****,cl*******,adjective
closet,خزانة,خ****,c*****,noun
clout,نفوذ / سطوة,ن*** / س***,c****,noun slang
clumsy,مرتبك,م****,c*****,adjective
coal,فحم,ف**,c***,noun
coffin,نعش,ن**,c*****,noun
cog,ترس,ت**,c**,noun
cogwheel,عجلة مسننة,ع*** م****,co******,noun
colander,مصفاة,م****,co******,noun
collecting stamps,جمع الطوابع,ج** ا******,co******** s*****,phrase
comfy,مريح,م***,c****,adjective
coming due,عشية الموعد النهائي,ع*** ا***** ا******,c***** d**,phrase
commencement speech,خطاب التخرج,خ*** ا*****,co********** s*****,noun phrase
commitment,التزام,ا*****,co********,adjective
compliance,امتثال,ا*****,co********,noun
complicity,تواطؤ,ت****,co********,noun
confused,مرتبك,م****,co******,adjective
convenience,راحة,ر***,co*********,noun
cooker,طباخ,ط***,c*****,noun
corpse,جثة,ج**,c*****,noun
cottage,كوخ,ك**,co*****,noun
couch,أريكة,أ****,c****,noun
cowardly,جبان,ج***,co******,adjective
cramming them,حشوهم,ح****,cr****** t***,phrase
crane,رافعة,ر****,c****,noun
crate,صندوق,ص****,c****,noun
craved,مشتهى,م****,c*****,adjective
credentials,أوراق اعتماد,أ**** ا*****,cr*********,noun
crisis,مصيبة,م****,c*****,noun
crowd,حشد,ح**,c****,noun
cubs,أشبال الدببة,أ**** ا*****,c***,noun
cuddle,عناق,ع***,c*****,noun
cue,إشارة,إ****,c**,noun
cue the lights,تشغيل الأضواء,ت**** ا******,c** t** l*****,phrase
culprit,الجاني,ا*****,cu*****,noun
cumbersome,مرهق / ثقيل,م*** / ث***,cu********,adjective
cupboard,خزانة,خ****,cu******,noun
curly braces,الأقواس المعقوفة,ا****** ا*******,c**** b*****,noun
curse,لعنة,ل***,c****,noun
curtains,ستائر,س****,cu******,noun
cutting-edge,المتطور والحديث,ا****** و******,cu*****-e***,adjective
damp,رطب,ر**,d***,adjective
darts,السهام,ا*****,d****,noun
deaf,أصم,أ**,d***,adjective
deck,جسر,ج**,d***,noun
deer,غزال,غ***,d***,noun
defect,عيب,ع**,d*****,noun
delivery,توصيل,ت****,de******,noun
deprecated,قديم,ق***,de********,adjective
derelict,مهجور,م****,de******,adjective
desperate,يائس,ي***,de*******,adjective
despite,بالرغم من,ب***** م*,de*****,preposition
detainee,معتقل,م****,de******,noun
devoid,خالي,خ***,d*****,adjective
diary,مذكرة,م****,d****,adjective
dimple,الدمل,ا****,d*****,noun
disgruntled,تعيس,ت***,di*********,adjective
disguise,تنكر,ت***,di******,noun
disgusting,مقزز,م***,di********,adjective
at my disposal,تحت تصرفي,ت** ت****,a* m* di******,noun
disruptive,تخريبي,ت*****,di********,adjective
do the housework,القيام بالأعمال المنزلية,ا***** ب******* ا*******,d* t** ho*******,phrase
do you mind if ..., ...هل تمانع إذا, ...ه* ت**** إ**,d* y** m*** i* ...,phrase
do you wanna come over ?,هل تريد أن تأتي ؟,ه* ت*** أ* ت*** ؟,d* y** w**** c*** o*** ?,question
does it often snow in algiers ?,هل تتساقط الثلوج في كثير من الأحيان في الجزائر العاصمة؟,ه* ت***** ا***** ف* ك*** م* ا****** ف* ا****** ا******؟,d*** i* o**** s*** i* al***** ?,question
doll,دمية,د***,d***,noun
dope,رائع,ر***,d***,noun slang
downstream,المصب,ا****,do********,noun
dozens,العشرات,ا******,d*****,noun
drain,بالُوعَة,ب**ُو*َة,d****,noun
dreadful,رهيب,ر***,dr******,adjective
dreary,كئيب,ك***,d*****,adjective
drill,مثقاب,م****,d****,noun
duct tape,شريط لاصق,ش*** ل***,d*** t***,noun
duffel bag,حقيبة تسوق,ح**** ت***,d***** b**,noun
dull,ممل,م**,d***,adjective
dwelling,مسكن,م***,dw******,noun
earrings,الأقراط,ا******,ea******,noun
ease,يُسَهّل,يُسَهّل,e***,noun
eavesdropping,التنصت,ا*****,ea***********,noun
edible,صالحة للأكل,ص**** ل****,e*****,adjective
eggplant,باذنجان,ب******,eg******,adjective
elderly,مسن,م**,el*****,adjective
enclosure,حاوية,ح****,en*******,noun
endorsement,تَأيِيد,تَأ*ِي*,en*********,noun
entrenched incumbents,أصحاب المناصب الراسخة,أ**** ا****** ا******,en******** in********,noun phrase
error-prone,عرضة للخطأ,ع*** ل****,e****-p****,adjective
eventually,وفي النهاية,و** ا******,ev********,adverb
everlasting,الأبدية,ا******,ev*********,adjective
exhausted,مرهق,م***,ex*******,adjective
fabricated,ملفقة,م****,fa********,adjective
facilities,مرافق,م****,fa********,noun
farewell,وداع,و***,fa******,noun
feedforward,com.feedforward,c**.f**********,fe*********,noun
felony,جناية,ج****,f*****,noun
fine dining,مطعم فاخر,م*** ف***,f*** d*****,noun
finicky,دقيق,د***,fi*****,adjective
firefighter,رجل الاطفاء,ر** ا******,fi*********,noun
flabbergasted,مندهش,م****,fl***********,adjective
flawless,بلا عيوب,ب** ع***,fl******,adjective
flip side,الجانب الآخر,ا***** ا****,f*** s***,noun
flood,فيضان,ف****,f****,noun
floppy disk,قرص مرن,ق** م**,f***** d***,noun
floppy ears,آذان متدلية,آ*** م*****,f***** e***,phrase
fluffy,رقيق,ر***,f*****,adjective
flush out toxins,طرد السموم,ط** ا*****,f**** o** t*****,phrase
flustered,مضطرب,م****,fl*******,adjective
foe,عدو,ع**,f**,noun
foolproof,معصوم من الخطأ,م**** م* ا****,fo*******,adjective
forbidden,مُحرَّم,مُح*َّم,fo*******,adjective
forecast,تنبؤ بالمناخ,ت*** ب******,fo******,noun
forensic science,علم الطب الشرعي,ع** ا*** ا*****,fo****** sc*****,noun
forensics,الطب الشرعي,ا*** ا*****,fo*******,noun
forgery,تزوير,ت****,fo*****,noun
frankly,بصراحة,ب*****,fr*****,adverb
freaky,مريب,م***,f*****,adjective slang
frightened,مرتعب,م****,fr********,adjective
fungus,فطر,ف**,f*****,noun
funnel,قمع,ق**,f*****,noun
fur,الفراء,ا*****,f**,noun
futile,عديم الجدوى,ع*** ا*****,f*****,adjective
gaffer,عجوز,ع***,g*****,noun
gathering,تجمع,ت***,ga*******,noun
genuine,أصيل,أ***,ge*****,adjective
genuinely,بصدق,ب***,ge*******,adverb
glitter,بريق,ب***,gl*****,noun
glow worm,دودة توهج,د*** ت***,g*** w***,noun
grape,العنب,ا****,g****,noun
grasshopper,جندب,ج***,gr*********,noun
grifter,خدعة,خ***,gr*****,noun slang
grocery,بقالة,ب****,gr*****,noun
ground truth,الحقيقة الأرضية,ا****** ا******,g***** t****,noun phrase
groundbreaking,رائد,ر***,gr************,adjective
guardrail,الدرابزين,ا********,gu*******,noun
guilty,مذنب,م***,g*****,adjective
guts,الشجاعة,ا******,g***,noun
hallmarks,السمات المميزة,ا***** ا******,ha*******,noun
hallway,المدخل,ا*****,ha*****,noun
handle,مقبض,م***,h*****,noun
handout,صدقة,ص***,ha*****,noun
handy,مفيد,م***,h****,adjective
hangover,صداع الكحول,ص*** ا*****,ha******,noun
hardened,متصلب,م****,ha******,adjective
hardly ever,نادرا,ن****,h***** e***,adverb
harmless,غير مؤذية,غ** م****,ha******,adjective
hauling,النقل,ا****,ha*****,noun
headlines,العناوين الرئيسية,ا******* ا*******,he*******,noun
headquarters,المقر الرئيسي,ا**** ا******,he**********,noun
heardresser,حلاق,ح***,he*********,noun
heist,عملية سطو,ع**** س**,h****,noun
helm chart,لوحة التحكم,ل*** ا*****,h*** c****,noun
hemorrhage,نزف,ن**,he********,noun
hemp,القنب,ا****,h***,noun
hence,لذلك,ل***,h****,adverb conjunction
herding,الرعي,ا****,he*****,noun
high-toil system,نظام عالي الكدح,ن*** ع*** ا****,h***-t*** s*****,phrase
hike,جولة على الأقدام,ج*** ع** ا******,h***,noun
hindsight,النظر إلى الماضي,ا**** إ** ا*****,hi*******,noun
hitchhiker,المسافر,ا******,hi********,noun
hive,خلية نحل,خ*** ن**,h***,noun
horns,قرون,ق***,h****,noun
hose,أنبوب,أ****,h***,noun
hotbed,بؤرة,ب***,h*****,noun
housemaid,خادمة,خ****,ho*******,noun
how long have you been a teacher ?,منذ متى وأنت مدرسا؟,م** م** و*** م****؟,h** l*** h*** y** b*** a te***** ?,question
hurdle,عقبة,ع***,h*****,noun
hush money,رشوة لإسكات المارة,ر*** ل***** ا*****,h*** m****,noun
I beg you,أرجوك,أ****,I b** y**,phrase
i didn't do it on purpose,لم أفعل ذلك عن قصد,ل* أ*** ذ** ع* ق**,i d***'t d* i* o* pu*****,phrase
i don't mind waiting,لا أمانع الانتظار,ل* أ**** ا*******,i d**'t m*** wa*****,phrase
i don't want there to be too many people tonight,لا أريد أن يكون هناك الكثير من الناس الليلة,ل* أ*** أ* ي*** ه*** ا***** م* ا**** ا*****,i d**'t w*** t**** t* b* t** m*** p***** to*****,phrase
i was walking my dog,كنت أتمشى مع كلبي,ك** أ**** م* ك***,i w** wa***** m* d**,phrase
i'm delighted to make your acquaintance,يسعدني أن أتعرف عليك,ي***** أ* أ**** ع***,i'm de******* t* m*** y*** ac**********,phrase
i'm looking forward to seeing you again,أتطلع إلى رؤيتك مرة ثانية,أ**** إ** ر**** م** ث****,i'm lo***** fo***** t* s***** y** a****,phrase
ill-humored,سيء المزاج,س** ا*****,i**-hu*****,adjective
ill-intentioned,سيء النية,س** ا****,i**-in*********,adjective
in hindsight,بعد فوات الأوان,ب** ف*** ا*****,i* hi*******,prepositional phrase
incentive,حافز,ح***,in*******,adjective
incoming,واردة,و****,in******,noun
incumbent,شاغل الوظيفة,ش*** ا******,in*******,adjective
independently,بشكل مستقل,ب*** م****,in***********,adverb
infringement,التعدي,ا*****,in**********,noun
injured,مصاب,م***,in*****,adjective
injury,إصابة,إ****,i*****,noun
ink,حبر,ح**,i**,noun
inquiry,تحقيق,ت****,in*****,noun
insight,نظرة,ن***,in*****,noun
insights,معرفة,م****,in******,noun
intended,منوي,م***,in******,adjective
intricacies,التعقيدات,ا********,in*********,noun
it was great,كانت رائعة,ك*** ر****,i* w** g****,phrase
it's freezing,إنه متجمد,إ** م****,i*'s fr******,phrase
it's time you went to bed,لقد حان الوقت للذهاب إلى السرير,ل** ح** ا**** ل***** إ** ا*****,i*'s t*** y** w*** t* b**,phrase
jar of jam,جرة مربى,ج** م***,j** o* j**,phrase
jerk,غبي,غ**,j***,noun slang
jerky,متشنج,م****,j****,adjective
jewel,جوهرة,ج****,j****,noun
junk,نفاية,ن****,j***,noun
junkyard,ساحة الخردة,س*** ا*****,ju******,noun
keystroke,ضغطة المفتاح,ض*** ا******,ke*******,noun
kidney,كلية,ك***,k*****,noun
klin,فرن,ف**,k***,noun
knees,الركبتين,ا*******,k****,noun
knob,مقبض الباب,م*** ا****,k***,noun
laggards,المتخلفون,ا********,la******,noun
lagging,متخلفة,م*****,la*****,adjective
landlord,المالك,ا*****,la******,noun
landmark,معلم,م***,la******,noun
lane,درب,د**,l***,noun
launchly point,نقطة انطلاق,ن*** ا*****,la****** p****,noun
lawn,العشب,ا****,l***,noun
layover,توقف,ت***,la*****,noun
leak,تسريب,ت****,l***,noun
leather,جلد,ج**,le*****,noun
ledger,سجل,س**,l*****,noun
leverage,الرافعة المالية,ا****** ا******,le******,noun
lid,غطاء,غ***,l**,noun
light,خفيف,خ***,l****,noun
likewise,على نفس المنوال / بطريقة مماثلة,ع** ن** ا****** / ب***** م*****,li******,adverb
limb,عضو,ع**,l***,noun
lingering,مداوم,م****,li*******,noun
list price,سعر القائمة,س** ا******,l*** p****,noun
liver,الكبد,ا****,l****,noun
lollipop,مصاصة,م****,lo******,noun
loony,مجنون,م****,l****,noun slang
loophole,ثغرة,ث***,lo******,noun
low-key,نوعاً ما / في الحقيقة,ن***ً م* / ف* ا******,l**-k**,adjective
luggage,أمتعة السفر,أ**** ا****,lu*****,noun
lumpy,محفر,م***,l****,adjective
lunchable,غداء,غ***,lu*******,adjective
lung,رئة,ر**,l***,noun
mainstay,العمود,ا*****,ma******,noun
make room,إفساح المجال,إ**** ا*****,m*** r***,noun
manor,قصر,ق**,m****,noun
marble,رخام,ر***,m*****,noun
mattress,فراش,ف***,ma******,noun
mellow,يانع,ي***,m*****,noun
mermaid,حورية البحر,ح**** ا****,me*****,noun
midday,منتصف النهار,م**** ا*****,m*****,adjective
mildly,بشكل طفيف,ب*** ط***,m*****,adverb
mind the gap,انتبه بالفجوة,ا**** ب******,m*** t** g**,phrase
misled,مضلل,م***,m*****,adjective
moans,أنين,أ***,m****,noun
mob,المافيا,ا******,m**,noun slang
mock interview,مقابلة وهمية,م***** و****,m*** in*******,noun phrase
monk,راهب,ر***,m***,noun
mop,ممسحة,م****,m**,noun
mortgage,القرض العقاري,ا**** ا******,mo******,noun
moth,عثة,ع**,m***,noun
mudslinging,التشهير,ا******,mu*********,noun
mugshot,صورة جنائية,ص*** ج*****,mu*****,noun
mulch,مهاد,م***,m****,noun
mundane,عادي,ع***,mu*****,adjective
my car broke down,تعطلت سيارتي,ت**** س*****,m* c** b**** d***,phrase
my motto in life,شعاري في الحياة,ش**** ف* ا*****,m* m**** i* l***,phrase
nail,مسمار,م****,n***,noun
nap,قيلولة,ق*****,n**,noun
narrow escape,هروب ضيق,ه*** ض**,n***** e*****,noun
nearby,قريب,ق***,n*****,adjective
neat,مرتب / أنيق,م*** / أ***,n***,adjective
necklace,قلادة,ق****,ne******,noun
neither do I,ولا أنا,و** أ**,ne***** d* I,phrase
nevertheless,مع ذلك,م* ذ**,ne**********,adverb
nimble,رشيق,ر***,n*****,adjective
no pun intended,بدون تورية مقصودة,ب*** ت**** م*****,n* p** in******,phrase
noon,ظهرا,ظ***,n***,noun
nourishing,مغذية,م****,no********,adjective
oath,قسم,ق**,o***,noun
obnoxious,بغيض,ب***,ob*******,adjective
offender,جاني,ج***,of******,noun
offloading,التفريغ,ا******,of********,noun
ointment,مرهم,م***,oi******,noun
old-fashioned,قديم,ق***,o**-fa*******,adjective
old-timey,قديم الطراز,ق*** ا*****,o**-t****,adjective
on behalf of,باسم,ب***,o* b***** o*,phrase
on foot,سيرا على الأقدام,س*** ع** ا******,o* f***,prepositional phrase
on set,موقع التصوير,م*** ا******,o* s**,prepositional phrase
on site,في الموقع,ف* ا*****,o* s***,prepositional phrase
on time,في الوقت المحدد,ف* ا**** ا*****,o* t***,prepositional phrase
oomph,جاذبية / حيوية,ج***** / ح****,o****,noun
ostrich,نعامة,ن****,os*****,noun
outage,انقطاع,ا*****,o*****,noun
outbreak,وباء ,و*** ,ou******,noun
outburst,فورة / انفجار,ف*** / ا*****,ou******,noun
outlets,منافذ / متاجر,م**** / م****,ou*****,noun
outsourcing,الاستعانة بمصادر خارجية,ا******** ب***** خ*****,ou*********,noun
outspoken,صريح,ص***,ou*******,adjective
outstanding,متميز,م****,ou*********,adjective
overblown,مبالغ فيه,م**** ف**,ov*******,adjective
overlaid,مغطى,م***,ov******,adjective
overnight,بين عشية وضحاها,ب** ع*** و*****,ov*******,adverb
oversight,الرقابة,ا******,ov*******,noun
overwhelming,ساحق,س***,ov**********,adjective
ownership,ملكية,م****,ow*******,noun
pal,صديق,ص***,p**,noun slang
paperclip,مشبك الورق,م*** ا****,pa*******,noun
parrot,ببَّغاء,ب*َّغ**,p*****,noun
passed out,مغمى عليه / فاقد الوعي,م*** ع*** / ف*** ا****,p***** o**,phrasal_verb
patent,براءة اختراع,ب**** ا*****,p*****,noun
pay,أجرة,أ***,p**,noun
paycheck,راتب,ر***,pa******,noun
pear,كُمَّثرَى / إجاص,كُمَّث*َى / إ***,p***,noun
pedestrian,مشاة,م***,pe********,noun
penny,بنس,ب**,p****,noun
pepper,الفلفل,ا*****,p*****,noun
pet,حيوان أليف,ح**** أ***,p**,noun
phishing,التصيد,ا*****,ph******,noun
phony,زائف,ز***,p****,adjective slang
pillow,وسادة,و****,p*****,noun
pineapple,أناناس,أ*****,pi*******,noun
piss me off,يغضبني,ي*****,p*** m* o**,adjective
pit,حفرة,ح***,p**,noun
plagiarism,سرقة علمية,س*** ع****,pl********,noun
pleased to meet you,ممتن لمقابلتك,م*** ل*******,pl***** t* m*** y**,phrase
plummeting,هبوط,ه***,pl********,adjective
pond,بركة,ب***,p***,noun
porch,الشرفة,ا*****,p****,noun
prawn,جمبري,ج****,p****,noun
premises,مباني,م****,pr******,noun
pretty interesting,مثيرة للاهتمام,م**** ل*******,p***** in*********,adjective phrase
pretty much,الى حد كبير,ا** ح* ك***,p***** m***,adverb
proof,دليل,د***,p****,noun
propellers,مراوح,م****,pr********,noun
pundit,الناقد,ا*****,p*****,noun
puppets,الدمى,ا****,pu*****,noun
puppy,جرو,ج**,p****,noun
purse,حقيبة,ح****,p****,noun
put on your coat,ارتدي معطفك,ا**** م****,p** o* y*** c***,phrase
queer,غريب,غ***,q****,noun
rack,رف,ر*,r***,noun
raincoat,معطف واق من المطر,م*** و** م* ا****,ra******,noun
rape,اغتصاب,ا*****,r***,noun
rarely,نادرًا,ن***ًا,r*****,adverb
real estate,العقارات,ا*******,r*** e*****,noun
realm,عالم / مملكة,ع*** / م****,r****,noun
recall,تذكير,ت****,r*****,noun
receipt,إيصال / فاتورة,إ**** / ف*****,re*****,noun
rejuvenating,مجدد,م***,re**********,adjective
relapse,انتكاس,ا*****,re*****,noun
relevant,مناسب,م****,re******,adjective
relieved,مرتاح,م****,re******,adjective
repellent,طارد,ط***,re*******,adjective
retail,بيع بالتجزئة,ب** ب*******,r*****,noun
revered,مُوقر / مبجل,مُو** / م***,re*****,adjective
riddle,لغز,ل**,r*****,noun
rigged,مزورة,م****,r*****,adjective
rigging,تزوير,ت****,ri*****,noun
right away,فورا,ف***,r**** a***,phrase
riot,أعمال شغب,أ**** ش**,r***,noun
ripple,تموج,ت***,r*****,noun
roadblock,حاجز طريق,ح*** ط***,ro*******,noun
rogue,مارقة,م****,r****,noun
rolls,لفائف,ل****,r****,noun
rope,حبل,ح**,r***,noun
rot,تعفن,ت***,r**,noun
round trip,رحلة ذهاب وإياب,ر*** ذ*** و****,r**** t***,noun
rubber,مطَّاط,م*َّا*,r*****,noun
rubber ducky,بَطَّة مَطَّاطِيَّة,بَطَّة مَطَّا*ِيَّة,r***** d****,noun
rug,بساط,ب***,r**,noun
rung,درجة,د***,r***,noun
rusty,صدئ,ص**,r****,adjective
ruthless,قاس / عديم الرحمة,ق** / ع*** ا*****,ru******,adjective
safe,خزنة,خ***,s***,noun
sailor,بحار,ب***,s*****,noun
sanity,سلامة العقل,س**** ا****,s*****,noun
scale,ميزان,م****,s****,noun
scatter,مبعثر,م****,sc*****,noun
scrap,خردة,خ***,s****,noun
scratched,مخدوشة,م*****,sc*******,adjective
screening,الفحص,ا****,sc*******,noun
screwdriver,مفك البراغي,م** ا******,sc*********,noun
screwed,انتهى أمرنا,ا**** أ****,sc*****,adjective slang
seagull,النَوْرَس,ا**َوْرَس,se*****,noun
seamless,سلس,س**,se******,adjective
seashells,الأصداف البحرية,ا****** ا******,se*******,noun
seashore,شاطئ البحر,ش*** ا****,se******,noun
seminal book,كتاب مؤسس,ك*** م***,se***** b***,noun
semolina,سميد,س***,se******,noun
shack,كوخ,ك**,s****,noun
shady,مشبوه,م****,s****,adjective
sharp blow,ضربة حادة,ض*** ح***,s**** b***,noun
she'd better hurry,من الأفضل أن تسرع,م* ا***** أ* ت***,s**'d b***** h****,phrase
shed,مستودع,م*****,s***,noun
shelter,مَأوىً,مَأ**ً,sh*****,noun
shortage,نقص,ن**,sh******,noun
shorthand,اختزال,ا*****,sh*******,noun
sifting through,التصفية,ا******,si***** th*****,phrasal_verb
sight,رؤية,ر***,s****,noun
silk,حرير,ح***,s***,noun
single-handedly,بمفرده,ب*****,s*****-ha******,adverb
sip,رشفة,ر***,s**,noun
skewed,منحرف,م****,s*****,adjective
skyscraper,ناطحة سحاب,ن**** س***,sk********,noun
slightly,قليلاً,ق****ً,sl******,adverb
slingshot,مقلاع,م****,sl*******,noun
slope,منحدر,م****,s****,noun
smooth,سلس,س**,s*****,noun
snapped up,اقتنص,ا****,sn***** u*,phrasal_verb
snapshot,لقطة سريعة,ل*** س****,sn******,noun
snobbishness,تكبر,ت***,sn**********,noun
snoring,الشخير,ا*****,sn*****,noun
soaked,مبلل,م***,s*****,adjective
soggy,رطب,ر**,s****,adjective
sore throat,التهاب الحلق,ا***** ا****,s*** t*****,noun
spare parts,قطع غيار,ق** غ***,s**** p****,noun
spare time,وقت الفراغ,و** ا*****,s**** t***,noun
sparse,متفرِّق,م***ِّق,s*****,adjective
spearhead,رائد,ر***,sp*******,noun
spit on them,يبصقون عليهم,ي***** ع****,s*** o* t***,phrase
spoofed,مزيف,م***,sp*****,noun
spoofing,انتحال,ا*****,sp******,noun
squeaky clean,نقية تماما,ن*** ت****,sq***** c****,adjective
squirrel,سنجاب,س****,sq******,noun
staging,تجهيز المسرح,ت**** ا*****,st*****,noun
stainless steel,الفولاذ المقاوم للصدأ,ا****** ا****** ل****,st******* s****,adjective phrase
stakeholders,أصحاب المصلحة,أ**** ا******,st**********,noun
stalk,ساق,س**,s****,noun
stapler,دباسة,د****,st*****,noun
stash,مخبأ,م***,s****,noun
steadily,بثبات,ب****,st******,adverb
steam,بخار,ب***,s****,noun
steepness,انحدار,ا*****,st*******,noun
steering wheel,مِقْوَد,مِقْوَد,st****** w****,noun
stench,رائحة كريهة,ر**** ك****,s*****,noun
stew,حساء,ح***,s***,noun
stiff,شديدة / قاسية,ش**** / ق****,s****,adjective
stipends,رواتب,ر****,st******,noun
stitches,غرز,غ**,st******,noun
stove,مقلاة,م****,s****,noun
stream away,يتشتت بعيدًا,ي**** ب***ًا,s***** a***,phrasal_verb
stretching,تمتد,ت***,st********,noun
stubborn,عنيد,ع***,st******,adjective
subcontracting,التعاقد من الباطن,ا****** م* ا*****,su************,noun
subordinate,تابع,ت***,su*********,noun
suburb,ضاحية,ض****,s*****,noun
summit,قمة,ق**,s*****,noun
supplier,مزود,م***,su******,noun
supply chain,سلسلة التوريد,س**** ا******,s***** c****,noun
swindler,محتال,م****,sw******,noun
tab,علامة التبويب,ع**** ا******,t**,noun
tech savvy,المهتمين بالتكنولوجيا,ا******* ب***********,t*** s****,adjective
telephone booth,كشك الهاتف,ك** ا*****,te******* b****,noun
tender,مناقصة,م*****,t*****,adjective
tense,متوتِّر,م***ِّر,t****,adjective
terse,مُقْتَضَب,مُقْتَضَب,t****,adjective
that's exactly what I needed,هذا هو بالضبط ما احتاجه,ه** ه* ب***** م* ا*****,t***'s ex***** w*** I n*****,phrase
that's not the point,هذا ليس المقصد,ه** ل** ا*****,t***'s n** t** p****,phrase
the sun rose,أشرقت الشمس,أ**** ا****,t** s** r***,phrase
there aren't enough plates,لا توجد أطباق كافية,ل* ت*** أ**** ك****,t**** a***'t e***** p*****,phrase
thick,سميك,س***,t****,adjective
thigh,فخذ,ف**,t****,noun
thirsty,عطشان,ع****,th*****,adjective
thoughtful,مدروس,م****,th********,adjective
threatening,مهدد,م***,th*********,adjective
three-story house,منزل من ثلاثة طوابق,م*** م* ث**** ط****,t****-s**** h****,phrase
threshold,عتبة,ع***,th*******,noun
throat,حُلقُوم,حُل*ُو*,t*****,noun
throughput,الإنتاجية,ا********,th********,noun
thruster,دافع,د***,th******,noun
thus,هكذا,ه***,t***,adverb
tide,المد,ا***,t***,noun
tight,ضيق,ض**,t****,adjective
tilt,ميل,م**,t***,noun
timely,في الوقت المناسب,ف* ا**** ا******,t*****,adjective
tiny,صغير,ص***,t***,adjective
tires,إطارات,إ*****,t****,noun
tired,مرهق,م***,t****,adjective
to accuse,اِتَّهَمَ,اِتَّهَمَ,t* a*****,verb
to amend,عدل,ع**,t* a****,verb
to arise,نشأ,ن**,t* a****,verb
to aspire,طمح,ط**,t* a*****,verb
to bail,بكفالة,ب*****,t* b***,verb
to bake,خَبَزَ,خَبَزَ,t* b***,verb
to beg,تَسَوَّلَ,تَسَوَّلَ,t* b**,verb
to bet,رَهَنَ,رَهَنَ,t* b**,verb
to bid,زايد,ز***,t* b**,verb
to bite,عَضَّ,عَضَّ,t* b***,verb
to bloom,لتزدهر,ل*****,t* b****,verb
to boast,تَبَاهَى,تَبَا*َى,t* b****,verb
to break,كسر,ك**,t* b****,verb
to bundle,حَزَمَ,حَزَمَ,t* b*****,verb
to carry out,تنفيذ,ت****,t* c**** o**,phrasal_verb
to cipher,تشفير,ت****,t* c*****,verb
to collapse,اِنْهَار,اِنْهَا*,t* co******,verb
to complain about,يشتك,ي***,t* co****** a****,phrasal_verb
to comply,اِمْتَثَلَ,اِمْتَثَلَ,t* c*****,verb
to compromise,تَنَازَلَ,تَنَا*َلَ,t* co********,verb
to crawl,زحف,ز**,t* c****,verb
to dabble,ليشتغل,ل*****,t* d*****,verb
to dangle,دَلَّى,دَلَّى,t* d*****,verb
to delve,تعمق,ت***,t* d****,verb
to demand,طلب,ط**,t* d*****,verb
to despise,احتقر,ا****,t* de*****,verb
to detach,فصل,ف**,t* d*****,verb
to dictate,أَمْلَى,أَمْلَى,t* di*****,verb
to dig,حفر,ح**,t* d**,verb
to disclose,كشف,ك**,t* di******,verb
to dispel,بَدَّدَ,بَدَّدَ,t* d*****,verb
to disturb,أزعج,أ***,t* di*****,verb
to dive,غاص,غ**,t* d***,verb
to divert,حوّل,ح*ّل,t* d*****,verb
to drag,سحب,س**,t* d***,verb
to drown,غرق,غ**,t* d****,verb
to dump,أفرغ / رَمَى,أ*** / رَمَى,t* d***,verb
to eat out,تَنَاوَلَ الطَّعَام خَارِج المَنْزِل,تَنَا*َلَ ا**َّعَا* خَا*ِج ا**َنْزِل,t* e** o**,phrasal_verb
to emphasize,أَكَّدَ,أَكَّدَ,t* em*******,verb
to encompass,شمل,ش**,t* en*******,verb
to engage,تَفَاعَلَ / اِنْخَرَطَ,تَفَا*َلَ / اِنْخَرَطَ,t* e*****,verb
to enthrall,إثارة,إ****,t* en******,verb
to erase,محو,م**,t* e****,verb
to evict,طرد,ط**,t* e****,verb
to face up,مواجهة,م*****,t* f*** u*,phrasal_verb
to fathom,فهم,ف**,t* f*****,verb
to figure out,فَهِمَ,فَهِمَ,t* f***** o**,phrasal_verb
to find out,اِكْتَشَفَ,اِكْتَشَفَ,t* f*** o**,phrasal_verb
to flesh out,أجسد,أ***,t* f**** o**,phrasal_verb
to float,طَفَا,طَفَا,t* f****,verb
to flow,تدفق,ت***,t* f***,verb
to fold,طَوَى,طَوَى,t* f***,verb
to foster,تعزيز,ت****,t* f*****,verb
to freeze,تجميد,ت****,t* f*****,verb
to fumble,تلعثم,ت****,t* f*****,verb
to gather,جمع,ج**,t* g*****,verb
to get rid of,التخلص من,ا***** م*,t* g** r** o*,phrasal_verb
to giggle,ضحك,ض**,t* g*****,verb
to give up,اِسْتَسْلَمَ,اِسْتَسْلَمَ,t* g*** u*,phrasal_verb
to go up,ارتفع / صَعِدَ,ا**** / صَعِدَ,t* g* u*,phrasal_verb
to greet,حَيَّا,حَيَّا,t* g****,verb
to hand over,سلم,س**,t* h*** o***,phrasal_verb
to hand over controls,تسليم الضوابط,ت**** ا******,t* h*** o*** co******,phrasal_verb
to hang,علق,ع**,t* h***,verb
to hang out,تَسَكَّعَ,تَسَكَّعَ,t* h*** o**,phrasal_verb
to hang up,أَغْلَقَ الْخَطّ,أَغْلَقَ ا*ْخَطّ,t* h*** u*,phrasal_verb
to harvest,حصد,ح**,t* ha*****,verb
to herald,بشر,ب**,t* h*****,verb
to hire,استأجر,ا*****,t* h***,verb
to hoard,اكتنز,ا****,t* h****,verb
to hug,عانق,ع***,t* h**,verb
to hustle,صَخِبَ,صَخِبَ,t* h*****,verb
to intermingle,اختلط,ا****,t* in*********,verb
to jettison,تخلص,ت***,t* je******,verb
to jumble,خلط,خ**,t* j*****,verb
to last,يدوم,ي***,t* l***,verb
to lay off,سرح,س**,t* l** o**,phrasal_verb
to look out,احترس,ا****,t* l*** o**,phrasal_verb
to make illegible,جعل غير مقروء,ج** غ** م****,t* m*** il*******,phrasal_verb
to meddle,تدخل,ت***,t* m*****,verb
to melt,ذوب,ذ**,t* m***,verb
to mitigate,تخفيف,ت****,t* mi******,verb
to move in,الانتقال للعيش,ا******* ل****,t* m*** i*,phrasal_verb
to move out,اِنْتَقَلَ / خرج,اِنْتَقَلَ / خ**,t* m*** o**,phrasal_verb
to narrow down,تضييق نطاق,ت**** ن***,t* n***** d***,verb
to nibble,قَضَمَ,قَضَمَ,t* n*****,verb
to opt out,اِنْسَحَبَ,اِنْسَحَبَ,t* o** o**,phrasal_verb
to overtake,تجاوز,ت****,t* ov******,verb
to patch up,أَصْلَحَ,أَصْلَحَ,t* p**** u*,phrasal_verb
to peek out,إلقاء نظرة,إ**** ن***,t* p*** o**,phrasal_verb
to postpone,تأجيل,ت****,t* po******,verb
to pretend to be,تظاهر بأنك,ت**** ب***,t* pr***** t* b*,phrasal_verb
to pull in,سحب,س**,t* p*** i*,phrasal_verb
to pull off,خَلَعَ,خَلَعَ,t* p*** o**,phrasal_verb
to purr,خَرْخَرَ,خَرْخَرَ,t* p***,verb
to put aside,وَضَعَ جانِباً,وَضَعَ ج**ِب*ً,t* p** a****,phrasal_verb
to put off,أَجَّلَ,أَجَّلَ,t* p** o**,phrasal_verb
to ramp up,تكثف,ت***,t* r*** u*,phrasal_verb
to rationalize,بَرَّرَ,بَرَّرَ,t* ra*********,verb
to recover,تَعَافَى,تَعَا*َى,t* re*****,verb
to rent,اِسْتَأْجَرَ,اِسْتَأْجَرَ,t* r***,verb
to resist,قَاوَمَ,قَا*َمَ,t* r*****,verb
to retaliate,اِنْتَقَمَ,اِنْتَقَمَ,t* re*******,verb
to rub,فَرَكَ / دَلَكَ,فَرَكَ / دَلَكَ,t* r**,verb
to scramble,تدافع,ت****,t* sc******,verb
to scribble,شَخْبَطَ / خَرْبَشَ,شَخْبَطَ / خَرْبَشَ,t* sc******,verb
to scrutinize,دَقَّقَ,دَقَّقَ,t* sc********,verb
to shave,حَلَقَ,حَلَقَ,t* s****,verb
to sip,رَشَفَ,رَشَفَ,t* s**,verb
to skew,حَرَّفَ,حَرَّفَ,t* s***,verb
to slander,افترى,ا****,t* sl*****,verb
to snap shut,انغلق بقوة,ا**** ب***,t* s*** s***,phrasal_verb
to sneeze,عطس,ع**,t* s*****,verb
to soar,اِرْتَفَعَ,اِرْتَفَعَ,t* s***,verb
to spit,بصق,ب**,t* s***,verb
to stall,مَاطَلَ / تَعَطَّلَ,مَا*َلَ / تَعَطَّلَ,t* s****,verb
to start strong,بدأ بقوة,ب** ب***,t* s**** s*****,phrasal_verb
to stay ahead,بقي في المقدمة,ب** ف* ا******,t* s*** a****,phrasal_verb
to steer,قَادَ,قَا*َ,t* s****,verb
to stink,نتن,ن**,t* s****,verb
to stir,حرك,ح**,t* s***,verb
to strangle,خنق,خ**,t* st******,verb
to submerge,غَمَرَ,غَمَرَ,t* su******,verb
to sue,قَاضَى / رفع قضية,قَا*َى / ر** ق***,t* s**,verb
to surrender,اِسْتَسْلَمَ,اِسْتَسْلَمَ,t* su*******,verb
to swallow,اِبْتَلَعَ,اِبْتَلَعَ,t* sw*****,verb
to sweat,عرق,ع**,t* s****,verb
to switch,بَدَّلَ,بَدَّلَ,t* s*****,verb
to tailor,خَيَّطَ,خَيَّطَ,t* t*****,verb
to take action,اتَّخَذَ الإِجْرَاءَات,ا*َّخَذَ ا**ِجْرَا*َا*,t* t*** a*****,phrasal_verb
to take off,خَلَعَ / أَقْلَعَ,خَلَعَ / أَقْلَعَ,t* t*** o**,phrasal_verb
to tear,مَزَّقَ,مَزَّقَ,t* t***,verb
to tickle,دغدغة,د****,t* t*****,verb
to tie,ربط,ر**,t* t**,verb
to tip,ترك بقشيش,ت** ب****,t* t**,verb
to toss,رَمَى,رَمَى,t* t***,verb
to unfold,كَشَفَ,كَشَفَ,t* u*****,verb
to usher in,مهّد الطريق,م*ّد ا*****,t* u**** i*,verb
to whip,خَفَقَ / جَلَدَ,خَفَقَ / جَلَدَ,t* w***,verb
to whisper,هَمَسَ,هَمَسَ,t* wh*****,verb
to withdraw,سَحَبَ,سَحَبَ,t* wi******,verb
to worship,عبد,ع**,t* wo*****,verb
to yawn,تثاءب,ت****,t* y***,verb
toddler,طفل صغير,ط** ص***,to*****,noun
toothpaste,معجون أسنان,م**** أ****,to********,noun
towel,منشفة,م****,t****,noun
towing,قطر,ق**,t*****,noun
trade off,حل وسط / مفاضلة,ح* و** / م*****,t**** o**,noun
trap,فخ,ف*,t***,noun
trash can,سلة المهملات,س** ا*******,t**** c**,noun
treadmill,جهاز المشي,ج*** ا****,tr*******,noun
trim out,إزالة,إ****,t*** o**,phrasal_verb
troubleshooting,استكشاف الأخطاء وإصلاحها,ا****** ا****** و*******,tr*************,noun
trustworthy,جدير بالثقة,ج*** ب*****,tr*********,adjective
tub,حوض,ح**,t**,noun
turning point,نقطة انعطاف,ن*** ا*****,tu***** p****,noun
ugly,قبيح,ق***,u***,adjective
uncanny,غريب,غ***,un*****,adjective
underwear,الملابس الداخلية,ا****** ا*******,un*******,noun
union,نقابة,ن****,u****,noun
unprecedented,غير مسبوق,غ** م****,un***********,adjective
upbeat,متفائل,م*****,u*****,adjective
upset,منزعج,م****,u****,adjective
upsurge,تصاعد,ت****,up*****,noun
utterly,تماما,ت****,ut*****,adverb
vault,قبو,ق**,v****,noun
versatile,مُتَعَدِّد الاسْتِخْدَامَات,مُتَعَدِّد ا***ْتِخْدَا*َا*,ve*******,adjective
voluntarily,طوعا,ط***,vo*********,adverb
wacky,سَخِيف,سَخِي*,w****,adjective slang
wad of change,رزمة من النقود,ر*** م* ا*****,w** o* c*****,noun
waffle,وافل,و***,w*****,noun
waist,خَصْر,خَصْر,w****,noun
waitress,نادلة,ن****,wa******,noun
wardrobe,خزانة الملابس,خ**** ا******,wa******,noun
wavering,تَرَدُّد,تَرَدُّد,wa******,noun
we didn't come home late last night,لم نعد إلى المنزل متأخرين الليلة الماضية ,ل* ن** إ** ا***** م****** ا***** ا****** ,w* d***'t c*** h*** l*** l*** n****,phrase
we met,التقينا,ا******,w* m**,phrase
wealth,ثروة,ث***,w*****,noun
weigh in on ..., ... إبداء رأيك في, ... إ**** ر*** ف*,w**** i* o* ...,phrasal_verb
well,بئر,ب**,w***,adverb
what do you do for a living ?,ماذا تعمل لكسب عيشك ؟,م*** ت*** ل*** ع*** ؟,w*** d* y** d* f** a l***** ?,question
what's in it for me,ما في ذلك بالنسبة لي,م* ف* ذ** ب****** ل*,w***'s i* i* f** m*,phrase
wheelbarrow,عربة يدوية,ع*** ي****,wh*********,noun
whether you like it or not,سواء أعجبك ذلك أم لا,س*** أ**** ذ** أ* ل*,wh***** y** l*** i* o* n**,phrase
while,بينما,ب****,w****,conjunction
whisker,شارب,ش***,wh*****,noun
wholesale cost,تكلفة الجملة,ت**** ا*****,wh******* c***,noun
wholesome,صحي,ص**,wh*******,adjective
whose shoes are they ?,لمن هذه الأحذية ؟,ل** ه** ا****** ؟,w**** s**** a** t*** ?,question
why are you making so much noise ?,لماذا تُصدر كل هذا الضجيج؟,ل**** تُص** ك* ه** ا*****؟,w** a** y** m***** s* m*** n**** ?,question
why weren't you at work last week ?,لماذا لم تكن في العمل الأسبوع الماضي ؟,ل**** ل* ت** ف* ا**** ا****** ا***** ؟,w** w****'t y** a* w*** l*** w*** ?,question
winch,رَافِعَة,رَا*ِعَة,w****,noun
wink,غمزة,غ***,w***,noun
withdrawal,سَحْب,سَحْب,wi********,noun
withholding,حجب,ح**,wi*********,noun
witness,شاهد,ش***,wi*****,noun
wool,صوف,ص**,w***,noun
workaround,الحل البديل,ا*** ا*****,wo********,noun
workload,عبء العمل,ع** ا****,wo******,noun
worse,أسوأ,أ***,w****,adjective
worthwhile,جديرة بالاهتمام / مُفِيد,ج**** ب******** / مُفِي*,wo********,adjective
wrapping up,اختتام,ا*****,wr****** u*,phrasal_verb
wrist,مِعْصَم,مِعْصَم,w****,noun
yearning,توق / شَوْق,ت** / شَوْق,ye******,noun
yeast,خميرة,خ****,y****,noun
yesterday's leftovers,بقايا الأمس,ب**** ا****,ye*******'s le*******,noun
yield,عَائِد,عَا*ِد,y****,noun
